{
    "name": "Color Transfer by Lucas",
    "version": "1.0.0",
    "description": "Advanced color transfer node for ComfyUI that transfers color palettes between images using L*a*b* color space statistics",
    "author": "Lucas",
    "license": "MIT",
    "keywords": ["color", "transfer", "palette", "image", "processing", "lab", "colorspace", "grading"],
    "comfyui_version": ">=0.1.0",
    "python_dependencies": [
        "torch",
        "numpy",
        "pillow",
        "opencv-python"
    ],
    "nodes": [
        {
            "class": "ColorTransferByLucas",
            "display_name": "Color Transfer by Lucas",
            "category": "image/color",
            "description": "Transfer color palette from reference image to content image using L*a*b* color space statistics"
        }
    ]
}

